iteration,env_steps,reward_mean,reward_max,max_reward_std
0.0,2965.0,7.415412210621013,11.639259846950532,0.07786680959474535
1.0,6223.0,9.521002850003837,12.757258736020015,0.13031104360826948
2.0,9511.0,9.878020669088011,13.173690513901962,0.0936894319636034
3.0,13048.0,9.515895347512245,14.440297833932023,0.22648187293190192
4.0,16858.0,11.083016285307197,15.855863028966178,1.277029595840485
5.0,21012.0,12.918833753785618,18.628264527882365,0.2082684200874753
6.0,25703.0,13.188453966845678,22.62770767433004,1.5224833785361587
7.0,30605.0,14.087375267444516,24.06660487645719,2.021779578368072
8.0,36065.0,15.258072421153791,26.683515957189215,2.737165426898062
9.0,42101.0,16.153467999584926,29.385770421857544,3.400981395830826
10.0,48719.0,18.151612776026738,35.244681151068825,1.0945167907618158
11.0,55601.0,18.939965463885713,41.16118854193149,0.3737698825367933
12.0,63244.0,23.028922159909495,46.71774677101778,0.4165945180429477
13.0,71620.0,25.522846706743373,57.52844630661807,0.6122476544431795
14.0,80782.0,29.78612208660163,66.03612619932262,0.2751794292679937
15.0,90549.0,30.57713241076462,76.85446524740526,0.41967125019062707
16.0,101703.0,37.510928218052356,85.81570148551525,1.1267702652182712
17.0,113516.0,41.60901436794454,99.11370695699867,0.8606635015833721
18.0,126610.0,48.11861767510533,106.0905268331825,0.5172104053693719
19.0,139639.0,43.55980119655911,113.42640750511164,0.5798300998139795
20.0,154301.0,49.98222662967926,122.8841100422599,0.760109863071836
21.0,170721.0,54.77665940828299,127.41156018521589,1.9383317233702835
22.0,189058.0,62.22102305247982,139.72233908526604,4.089701334982565
23.0,208413.0,62.03115212556025,152.40563654114388,2.166194063521755
24.0,228772.0,68.37290513970785,172.02228432569663,3.524165698122
25.0,251018.0,73.33682483326689,187.00230980616263,4.410563912860273
26.0,276485.0,87.79540281523259,223.6103221796009,4.242389634467136
27.0,300404.0,80.01408319397652,244.53857646892288,14.59051328054528
28.0,328582.0,98.92838015024753,255.27462608563926,4.793583871841759
29.0,359812.0,112.89826654009063,263.44333063316714,22.53313526911139
30.0,391444.0,113.15194880334556,311.07373294296735,24.234665432746787
31.0,425332.0,125.07856213756763,348.30118465259534,4.862310515192638
32.0,463231.0,138.01603811918054,371.11279235678427,17.502434268726873
33.0,506606.0,151.88305242859929,371.11279235678427,17.502434268726873
34.0,549528.0,145.945560524127,389.3161823984878,15.43063560029273
35.0,594219.0,165.38086510879964,414.54765658393626,6.736944736571368
36.0,642884.0,176.1735500309728,486.502203280547,23.246481364754754
37.0,682554.0,131.70712513400346,517.3699411265994,26.07332329996617
38.0,727792.0,164.31075065062439,624.4866608455509,55.65036188062586
39.0,779464.0,221.3616383529261,682.1385532182347,13.99677526881758
40.0,836816.0,233.2064560236972,705.2406507997135,40.196735380636866
41.0,902760.0,267.48081160109615,715.2516560902477,32.093994623319205
42.0,967579.0,282.0112545454316,789.3889917855437,87.2732989937046
43.0,1027685.0,258.8438789554133,835.2965521375812,57.50566151972199
44.0,1092956.0,288.9350722193762,863.6720196236103,36.83894020089285
45.0,1161137.0,303.73915269233635,860.2803187441804,37.69204330447294
46.0,1228491.0,277.0592445798847,1061.8262840585728,80.17177121156477
47.0,1300522.0,296.80059780652044,1188.1073469595124,123.98335971652362
48.0,1365088.0,248.59941807316133,1229.806734628308,175.89840960264948
49.0,1446707.0,321.0724350908666,1229.806734628308,175.89840960264948
50.0,1530634.0,293.9378932140814,1229.806734628308,175.89840960264948
51.0,1619479.0,307.7303947201151,1229.806734628308,175.89840960264948
52.0,1708075.0,290.65682425517576,1229.806734628308,175.89840960264948
53.0,1792363.0,268.78108804081296,1229.806734628308,175.89840960264948
54.0,1883295.0,281.07720993627464,1229.806734628308,175.89840960264948
55.0,1971626.0,292.545975771379,1229.806734628308,175.89840960264948
56.0,2080025.0,349.29047499535204,1229.806734628308,175.89840960264948
57.0,2163020.0,257.9006650535208,1229.806734628308,175.89840960264948
58.0,2242089.0,251.49436379453113,1229.806734628308,175.89840960264948
59.0,2323287.0,253.42977555424608,1229.806734628308,175.89840960264948
60.0,2409556.0,299.13340887012146,1229.806734628308,175.89840960264948
61.0,2490295.0,237.107322626358,1229.806734628308,175.89840960264948
62.0,2572711.0,269.6659734327597,1229.806734628308,175.89840960264948
63.0,2651135.0,244.95813872102102,1229.806734628308,175.89840960264948
64.0,2734317.0,266.85784137520534,1229.806734628308,175.89840960264948
65.0,2816148.0,270.28108536131157,1229.806734628308,175.89840960264948
66.0,2889240.0,224.9294720831807,1229.806734628308,175.89840960264948
67.0,2973775.0,273.8356499845779,1229.806734628308,175.89840960264948
68.0,3059123.0,271.88851043981447,1229.806734628308,175.89840960264948
69.0,3129319.0,236.70491713976074,1229.806734628308,175.89840960264948
70.0,3213549.0,258.2135843461893,1229.806734628308,175.89840960264948
71.0,3288377.0,235.96716035833188,1229.806734628308,175.89840960264948
72.0,3374956.0,274.455767064051,1229.806734628308,175.89840960264948
73.0,3457286.0,282.9041883747947,1229.806734628308,175.89840960264948
74.0,3531873.0,242.9726438495241,1229.806734628308,175.89840960264948
75.0,3629055.0,321.9149419725372,1229.806734628308,175.89840960264948
76.0,3722330.0,309.84441308857333,1229.806734628308,175.89840960264948
77.0,3810444.0,291.69262008068216,1229.806734628308,175.89840960264948
78.0,3901014.0,303.0834377420047,1229.806734628308,175.89840960264948
79.0,4000029.0,342.2231443680386,1229.806734628308,175.89840960264948
80.0,4089541.0,294.3712572971617,1229.806734628308,175.89840960264948
81.0,4175854.0,284.64746971424603,1229.806734628308,175.89840960264948
82.0,4273359.0,330.2881898524382,1229.806734628308,175.89840960264948
83.0,4360055.0,287.46818594244417,1229.806734628308,175.89840960264948
84.0,4449699.0,317.6959721210836,1229.806734628308,175.89840960264948
85.0,4541354.0,305.60789048686456,1229.806734628308,175.89840960264948
86.0,4632338.0,296.4557584266151,1229.806734628308,175.89840960264948
87.0,4724434.0,304.0848342777695,1229.806734628308,175.89840960264948
88.0,4814503.0,310.1106417022775,1229.806734628308,175.89840960264948
89.0,4909489.0,309.64184395103604,1229.806734628308,175.89840960264948
90.0,5001224.0,315.0979917138449,1229.806734628308,175.89840960264948
91.0,5102100.0,347.3963008791181,1332.9950808346177,98.91932502971817
92.0,5201355.0,354.38218494773554,1332.9950808346177,98.91932502971817
93.0,5304486.0,362.06034370357594,1332.9950808346177,98.91932502971817
94.0,5386517.0,257.93813656017386,1332.9950808346177,98.91932502971817
95.0,5497190.0,374.9465720897131,1332.9950808346177,98.91932502971817
96.0,5582300.0,260.3856507514207,1332.9950808346177,98.91932502971817
97.0,5665005.0,273.64092083555283,1332.9950808346177,98.91932502971817
98.0,5748094.0,266.3464471891027,1332.9950808346177,98.91932502971817
99.0,5836129.0,309.05316774897966,1332.9950808346177,98.91932502971817
100.0,5924086.0,310.3885482480702,1332.9950808346177,98.91932502971817
101.0,6018861.0,341.9252644005924,1332.9950808346177,98.91932502971817
102.0,6099808.0,262.1723475353492,1332.9950808346177,98.91932502971817
103.0,6188282.0,280.13335517473047,1332.9950808346177,98.91932502971817
104.0,6276142.0,297.2036091996387,1332.9950808346177,98.91932502971817
105.0,6368630.0,318.54530422330373,1332.9950808346177,98.91932502971817
106.0,6467879.0,352.10116344998426,1332.9950808346177,98.91932502971817
107.0,6566031.0,328.6519068044771,1332.9950808346177,98.91932502971817
108.0,6659369.0,308.77601394079255,1332.9950808346177,98.91932502971817
109.0,6751743.0,312.84902924308204,1332.9950808346177,98.91932502971817
110.0,6846888.0,324.8657141186713,1332.9950808346177,98.91932502971817
111.0,6938612.0,328.4453860580759,1401.2295789073366,144.43759838515962
112.0,7025006.0,304.73865504327455,1401.2295789073366,144.43759838515962
113.0,7126411.0,350.8226486578123,1401.2295789073366,144.43759838515962
114.0,7231381.0,362.1547346733739,1401.2295789073366,144.43759838515962
115.0,7334995.0,368.7442681948189,1401.2295789073366,144.43759838515962
116.0,7438377.0,375.916752027134,1401.2295789073366,144.43759838515962
117.0,7524553.0,300.72388762022916,1401.2295789073366,144.43759838515962
118.0,7623485.0,336.6242656134671,1401.2295789073366,144.43759838515962
119.0,7714214.0,310.74136215465046,1401.2295789073366,144.43759838515962
120.0,7808547.0,330.0864088026543,1401.2295789073366,144.43759838515962
121.0,7898817.0,317.18470736921404,1401.2295789073366,144.43759838515962
122.0,7983686.0,293.40183390477506,1401.2295789073366,144.43759838515962
123.0,8075663.0,323.1313574192586,1401.2295789073366,144.43759838515962
124.0,8168879.0,322.5698530270272,1401.2295789073366,144.43759838515962
125.0,8251517.0,291.9769752438292,1401.2295789073366,144.43759838515962
126.0,8331486.0,273.5024596600661,1401.2295789073366,144.43759838515962
127.0,8437315.0,368.09739639455654,1401.2295789073366,144.43759838515962
128.0,8538526.0,343.86782320982866,1401.2295789073366,144.43759838515962
129.0,8635423.0,344.67105308617084,1401.2295789073366,144.43759838515962
130.0,8728081.0,326.1003336416785,1401.2295789073366,144.43759838515962
131.0,8821734.0,342.3378683613189,1401.2295789073366,144.43759838515962
132.0,8913917.0,320.14752923072507,1401.2295789073366,144.43759838515962
133.0,8994667.0,290.82539172496485,1401.2295789073366,144.43759838515962
134.0,9088149.0,334.89884927237523,1401.2295789073366,144.43759838515962
135.0,9187346.0,347.63035900744893,1401.2295789073366,144.43759838515962
136.0,9261867.0,265.8843143345779,1401.2295789073366,144.43759838515962
137.0,9347995.0,302.0403679911485,1401.2295789073366,144.43759838515962
138.0,9434208.0,290.67360653311044,1401.2295789073366,144.43759838515962
139.0,9516883.0,305.99220123486924,1401.2295789073366,144.43759838515962
140.0,9608903.0,335.0920010034525,1401.2295789073366,144.43759838515962
141.0,9708175.0,361.9629723873308,1401.2295789073366,144.43759838515962
142.0,9790863.0,285.09194181343514,1401.2295789073366,144.43759838515962
143.0,9878337.0,314.39753502282827,1401.2295789073366,144.43759838515962
144.0,9965496.0,311.1067432877251,1401.2295789073366,144.43759838515962
145.0,10043165.0,256.40673081994936,1401.2295789073366,144.43759838515962
146.0,10128516.0,301.0149136881633,1401.2295789073366,144.43759838515962
147.0,10228972.0,344.68618923919576,1401.2295789073366,144.43759838515962
148.0,10320023.0,326.47486681791054,1401.2295789073366,144.43759838515962
149.0,10421324.0,357.4987723984629,1401.2295789073366,144.43759838515962
150.0,10509694.0,306.53306341408575,1401.2295789073366,144.43759838515962
151.0,10588726.0,278.5716190734188,1401.2295789073366,144.43759838515962
152.0,10675601.0,303.5884688228811,1401.2295789073366,144.43759838515962
153.0,10764865.0,307.6193754436734,1401.2295789073366,144.43759838515962
154.0,10862226.0,347.70552134318956,1401.2295789073366,144.43759838515962
155.0,10942761.0,290.31282487944054,1401.2295789073366,144.43759838515962
156.0,11028518.0,301.94672027033124,1401.2295789073366,144.43759838515962
157.0,11121411.0,324.24758711383487,1401.2295789073366,144.43759838515962
158.0,11207854.0,307.2747202260948,1401.2295789073366,144.43759838515962
159.0,11302660.0,337.42632160079665,1401.2295789073366,144.43759838515962
160.0,11390669.0,308.38563651937585,1401.2295789073366,144.43759838515962
161.0,11485681.0,338.972999116408,1401.2295789073366,144.43759838515962
162.0,11577813.0,301.91260167880233,1401.2295789073366,144.43759838515962
163.0,11669088.0,330.2152536745598,1401.2295789073366,144.43759838515962
164.0,11762252.0,322.9670027405792,1401.2295789073366,144.43759838515962
165.0,11855970.0,330.43082636987964,1401.2295789073366,144.43759838515962
166.0,11959055.0,374.0709564164986,1401.2295789073366,144.43759838515962
167.0,12047473.0,306.1469984061276,1401.2295789073366,144.43759838515962
168.0,12148244.0,352.77799533189153,1401.2295789073366,144.43759838515962
169.0,12221113.0,249.88156662719973,1401.2295789073366,144.43759838515962
170.0,12302366.0,284.108610569183,1401.2295789073366,144.43759838515962
171.0,12383806.0,281.3289746650547,1401.2295789073366,144.43759838515962
172.0,12473994.0,311.49179125933387,1401.2295789073366,144.43759838515962
173.0,12571944.0,344.2879717703036,1401.2295789073366,144.43759838515962
174.0,12655411.0,280.5772456224651,1401.2295789073366,144.43759838515962
175.0,12748155.0,324.7024122250671,1401.2295789073366,144.43759838515962
176.0,12841273.0,328.78341918479606,1401.2295789073366,144.43759838515962
177.0,12938221.0,334.48491174867786,1401.2295789073366,144.43759838515962
178.0,13021412.0,286.16477492055844,1401.2295789073366,144.43759838515962
179.0,13124172.0,365.9361313715444,1401.2295789073366,144.43759838515962
180.0,13206685.0,293.27995698361735,1401.2295789073366,144.43759838515962
181.0,13290880.0,297.6721382285826,1426.8189941544144,71.23883275322393
182.0,13392473.0,380.7307002636371,1426.8189941544144,71.23883275322393
183.0,13474961.0,277.65590637339466,1426.8189941544144,71.23883275322393
184.0,13550510.0,257.3122169628469,1426.8189941544144,71.23883275322393
185.0,13648122.0,360.65962705217856,1426.8189941544144,71.23883275322393
186.0,13744424.0,331.2900737037058,1426.8189941544144,71.23883275322393
187.0,13856892.0,405.811962697899,1426.8189941544144,71.23883275322393
188.0,13967659.0,403.11612175192664,1426.8189941544144,71.23883275322393
189.0,14067338.0,353.98107016963564,1426.8189941544144,71.23883275322393
190.0,14156615.0,288.5412170933512,1426.8189941544144,71.23883275322393
191.0,14251427.0,337.1077045852117,1426.8189941544144,71.23883275322393
192.0,14352220.0,361.24555111690347,1426.8189941544144,71.23883275322393
193.0,14452493.0,354.64815149930376,1426.8189941544144,71.23883275322393
194.0,14543845.0,329.32356980006205,1426.8189941544144,71.23883275322393
195.0,14639537.0,330.7378019486587,1426.8189941544144,71.23883275322393
196.0,14737182.0,368.18556924124204,1426.8189941544144,71.23883275322393
197.0,14825887.0,325.9476893038461,1426.8189941544144,71.23883275322393
198.0,14934255.0,380.78994928276256,1426.8189941544144,71.23883275322393
199.0,15028479.0,329.47580006325984,1426.8189941544144,71.23883275322393
200.0,15122510.0,356.779577769905,1426.8189941544144,71.23883275322393
201.0,15217453.0,357.7786525129584,1426.8189941544144,71.23883275322393
202.0,15312602.0,338.54434745584433,1426.8189941544144,71.23883275322393
203.0,15422264.0,401.01765641832355,1426.8189941544144,71.23883275322393
204.0,15521778.0,371.4621460867522,1426.8189941544144,71.23883275322393
205.0,15628476.0,402.84573613038464,1426.8189941544144,71.23883275322393
206.0,15716410.0,305.79715994574804,1437.65228167796,66.46258045627643
207.0,15819071.0,368.6896476232763,1437.6522804085553,66.46258433488732
208.0,15909690.0,338.0749325509751,1437.6522804085553,66.46258433488732
209.0,16001283.0,331.971167200378,1437.6522804085553,66.46258433488732
210.0,16093108.0,327.5725505129222,1437.6522804085553,66.46258433488732
211.0,16193242.0,362.57951121849766,1437.6522804085553,66.46258433488732
212.0,16292910.0,374.5015888943089,1437.6522804085553,66.46258433488732
213.0,16404268.0,387.94559745778963,1437.6522804085553,66.46258433488732
214.0,16501384.0,348.0802688717553,1437.6522804085553,66.46258433488732
215.0,16607169.0,393.9294740990715,1437.6522804085553,66.46258433488732
216.0,16698203.0,331.186252597875,1437.6522804085553,66.46258433488732
217.0,16801167.0,372.2772783362941,1437.6522804085553,66.46258433488732
218.0,16916256.0,427.75361029428774,1437.6522804085553,66.46258433488732
219.0,17022976.0,380.72733970079423,1437.6522804085553,66.46258433488732
220.0,17118390.0,342.9122647365146,1437.6522804085553,66.46258433488732
221.0,17209626.0,338.916482264538,1437.6522804085553,66.46258433488732
222.0,17298426.0,349.2704093335479,1437.6522804085553,66.46258433488732
223.0,17392392.0,343.97093951847955,1437.6522804085553,66.46258433488732
224.0,17481305.0,327.17963434980305,1437.6522804085553,66.46258433488732
225.0,17580603.0,357.77701382041204,1437.6522804085553,66.46258433488732
226.0,17679730.0,376.93146210851336,1437.6522804085553,66.46258433488732
227.0,17777358.0,383.35130100211757,1437.6522804085553,66.46258433488732
228.0,17866992.0,335.20994326690374,1437.6522804085553,66.46258433488732
229.0,17973237.0,405.5384004528224,1437.6522804085553,66.46258433488732
230.0,18072285.0,382.50246708080726,1437.6522804085553,66.46258433488732
231.0,18168644.0,361.67762866404405,1437.6522804085553,66.46258433488732
232.0,18248540.0,298.2906492718275,1437.6522804085553,66.46258433488732
233.0,18352138.0,386.09501402117706,1437.6522804085553,66.46258433488732
234.0,18446731.0,365.284418313888,1437.6522804085553,66.46258433488732
235.0,18539636.0,355.05267273501045,1535.299385422972,3.7034318723407713
236.0,18645855.0,419.5220824327134,1535.299385422972,3.7034318723407713
237.0,18751971.0,412.7281434103534,1535.299385422972,3.7034318723407713
238.0,18847363.0,370.38963506899717,1535.299385422972,3.7034318723407713
239.0,18938109.0,335.3736776975464,1535.299385422972,3.7034318723407713
240.0,19041035.0,408.3343317434682,1535.299385422972,3.7034318723407713
241.0,19132890.0,354.70985006276294,1535.299385422972,3.7034318723407713
242.0,19239433.0,414.16007263845734,1535.299385422972,3.7034318723407713
243.0,19334111.0,377.5658694481114,1535.299385422972,3.7034318723407713
244.0,19432286.0,358.5145678806125,1535.299385422972,3.7034318723407713
245.0,19519480.0,341.2362787512533,1535.299385422972,3.7034318723407713
246.0,19616704.0,397.06752756848624,1535.299385422972,3.7034318723407713
247.0,19708930.0,335.9347697965318,1535.299385422972,3.7034318723407713
248.0,19787889.0,298.668699611356,1535.299385422972,3.7034318723407713
249.0,19878729.0,342.45357500977866,1535.299385422972,3.7034318723407713
250.0,19982339.0,390.616093965286,1535.299385422972,3.7034318723407713
251.0,20071034.0,347.6516904381562,1535.299385422972,3.7034318723407713
252.0,20183634.0,430.9602462251838,1535.299385422972,3.7034318723407713
253.0,20285363.0,405.56886130975306,1535.299385422972,3.7034318723407713
254.0,20401376.0,433.89184417981227,1535.299385422972,3.7034318723407713
255.0,20499049.0,371.6873553489225,1535.299385422972,3.7034318723407713
256.0,20612404.0,447.41065617042557,1535.299385422972,3.7034318723407713
257.0,20706802.0,335.8411624540138,1535.299385422972,3.7034318723407713
258.0,20803897.0,388.2740386439338,1544.5564194477083,54.06785475240622
259.0,20914261.0,417.43263477865736,1544.5564194477083,54.06785475240622
260.0,21015179.0,380.7824669941841,1544.5564194477083,54.06785475240622
261.0,21128704.0,451.33620828152743,1544.5564194477083,54.06785475240622
262.0,21227774.0,381.3547172535922,1544.5564194477083,54.06785475240622
263.0,21337064.0,428.6115858844839,1544.5564194477083,54.06785475240622
264.0,21439196.0,374.8443234277438,1544.5564194477083,54.06785475240622
265.0,21549583.0,424.32619855825783,1544.5564194477083,54.06785475240622
266.0,21663786.0,442.12285548251697,1544.5564194477083,54.06785475240622
267.0,21772052.0,424.93101042795905,1544.5564194477083,54.06785475240622
268.0,21866398.0,376.3237201221152,1544.5564194477083,54.06785475240622
269.0,21971849.0,419.0461437252336,1544.5564194477083,54.06785475240622
270.0,22067207.0,368.4197421386136,1544.5564194477083,54.06785475240622
271.0,22167089.0,394.737001900493,1544.5564194477083,54.06785475240622
272.0,22267130.0,412.3726096980506,1732.3483371346326,67.50418572017219
273.0,22361709.0,361.29875059683064,1732.3483371346326,67.50418572017219
274.0,22461857.0,404.29904037840396,1732.3483371346326,67.50418572017219
275.0,22557155.0,382.68533357655525,1817.2429209233349,14.106523794737702
276.0,22651634.0,366.1925618843363,1817.2429209233349,14.106523794737702
277.0,22750161.0,390.39841657940246,1817.2429209233349,14.106523794737702
278.0,22846911.0,385.2507157809653,1817.2429209233349,14.106523794737702
279.0,22949783.0,415.3805199637281,1817.2429209233349,14.106523794737702
280.0,23057537.0,440.61415892536724,1817.2429209233349,14.106523794737702
281.0,23155718.0,410.1083555390968,1817.2429209233349,14.106523794737702
282.0,23257433.0,412.4201004349523,1817.2429209233349,14.106523794737702
283.0,23357711.0,402.8279829080451,1817.2429209233349,14.106523794737702
284.0,23456230.0,406.2836457132437,1817.2429209233349,14.106523794737702
285.0,23556922.0,409.3624659346808,1817.2429209233349,14.106523794737702
286.0,23652898.0,389.0434511289675,1817.2429209233349,14.106523794737702
287.0,23751313.0,396.5306149399114,1817.2429209233349,14.106523794737702
288.0,23846301.0,379.5460654591871,1817.2429209233349,14.106523794737702
289.0,23934958.0,362.72235277632205,1817.2429209233349,14.106523794737702
290.0,24035628.0,416.6742931439055,1817.2429209233349,14.106523794737702
291.0,24142708.0,419.9692201188138,1817.2429209233349,14.106523794737702
292.0,24239101.0,391.2199143538624,1817.2429209233349,14.106523794737702
293.0,24330838.0,377.25129939031564,1817.2429209233349,14.106523794737702
294.0,24423658.0,359.76897404154295,1817.2429209233349,14.106523794737702
295.0,24520790.0,411.5971576289688,1817.2429209233349,14.106523794737702
296.0,24607614.0,339.24001500892615,1817.2429209233349,14.106523794737702
297.0,24696534.0,358.927775222224,1817.2429209233349,14.106523794737702
298.0,24797893.0,410.71609373897996,1817.2429209233349,14.106523794737702
299.0,24896576.0,411.4418008778373,1817.2429209233349,14.106523794737702
300.0,25005791.0,454.58764996019687,1817.2429209233349,14.106523794737702
301.0,25098875.0,360.4451186783533,1817.2429209233349,14.106523794737702
302.0,25196549.0,414.334844631004,1817.2429209233349,14.106523794737702
303.0,25296081.0,403.967165460932,1817.2429209233349,14.106523794737702
304.0,25383648.0,345.7516331142932,1817.2429209233349,14.106523794737702
305.0,25482247.0,405.68051046928855,1817.2429209233349,14.106523794737702
306.0,25586495.0,417.7321021288826,1817.2429209233349,14.106523794737702
307.0,25686719.0,400.3298599288197,1817.2429209233349,14.106523794737702
308.0,25786170.0,400.5439828541484,1817.2429209233349,14.106523794737702
309.0,25870473.0,342.2326753852778,1817.2429209233349,14.106523794737702
310.0,25966582.0,380.8370906381635,1817.2429209233349,14.106523794737702
311.0,26063004.0,381.9990594075846,1817.2429209233349,14.106523794737702
312.0,26146935.0,332.72101868479336,1817.2429209233349,14.106523794737702
313.0,26245892.0,410.9473149281308,1817.2429209233349,14.106523794737702
314.0,26344082.0,393.3782234631217,1817.2429209233349,14.106523794737702
315.0,26426005.0,326.0849730523963,1882.1295579545103,23.00005778160773
316.0,26513321.0,341.12866935336706,1882.1295579545103,23.00005778160773
317.0,26611545.0,402.8473404483998,1882.1295579545103,23.00005778160773
318.0,26704455.0,400.7620283916445,1882.1295579545103,23.00005778160773
319.0,26791179.0,364.43394245408695,1882.1295579545103,23.00005778160773
320.0,26892198.0,408.9302179198663,1882.1295579545103,23.00005778160773
321.0,26980272.0,376.1018979515029,1882.1295579545103,23.00005778160773
322.0,27058994.0,313.3777466787106,1882.1295579545103,23.00005778160773
323.0,27149654.0,366.97521434131784,1882.1295579545103,23.00005778160773
324.0,27228594.0,317.5313713842541,1882.1295579545103,23.00005778160773
325.0,27316283.0,352.77042357048117,1882.1295579545103,23.00005778160773
326.0,27402187.0,359.86012783750243,1882.1295579545103,23.00005778160773
327.0,27491557.0,368.8774924208181,1882.1295579545103,23.00005778160773
328.0,27582160.0,366.94093130650094,1882.1295579545103,23.00005778160773
329.0,27694477.0,464.27654760637785,1882.1295579545103,23.00005778160773
330.0,27788340.0,389.0363483177321,1882.1295579545103,23.00005778160773
331.0,27879379.0,384.34697354032505,1882.1295579545103,23.00005778160773
332.0,27979545.0,418.7961888520597,1882.1295579545103,23.00005778160773
333.0,28084030.0,447.7417800693297,1882.1295579545103,23.00005778160773
334.0,28189206.0,446.7543239707144,1882.1295579545103,23.00005778160773
335.0,28270387.0,330.11110118286365,1882.1295579545103,23.00005778160773
336.0,28368131.0,410.192745331891,1882.1295579545103,23.00005778160773
337.0,28467232.0,408.7980577963003,1882.1295579545103,23.00005778160773
338.0,28561445.0,395.321056875652,1882.1295579545103,23.00005778160773
339.0,28659484.0,404.5472536264972,1997.4583734661437,26.16427461430804
340.0,28737946.0,326.7142824599174,1997.4583734661437,26.16427461430804
341.0,28837839.0,425.52583256467676,1997.4583734661437,26.16427461430804
342.0,28921243.0,350.41616672059877,1997.4583734661437,26.16427461430804
343.0,29003812.0,360.9119713419639,1997.4583734661437,26.16427461430804
344.0,29089484.0,364.1873716078305,1997.4583734661437,26.16427461430804
345.0,29180415.0,395.56326697109733,1997.4583734661437,26.16427461430804
346.0,29259742.0,323.520565039262,1997.4583734661437,26.16427461430804
347.0,29347244.0,372.5786468295721,1997.4583734661437,26.16427461430804
348.0,29442260.0,411.8059814516644,1997.4583734661437,26.16427461430804
349.0,29528620.0,358.2532136642723,1997.4583734661437,26.16427461430804
350.0,29606538.0,329.9966354425662,1997.4583734661437,26.16427461430804
351.0,29690140.0,326.49726566215236,1997.4583734661437,26.16427461430804
352.0,29772795.0,340.24933261147083,1997.4583734661437,26.16427461430804
353.0,29853206.0,320.7055797104122,1997.4583734661437,26.16427461430804
354.0,29939187.0,362.41526251795875,1997.4583734661437,26.16427461430804
355.0,30033773.0,406.73090853914414,1997.4583734661437,26.16427461430804
356.0,30126233.0,386.0718604050165,1997.4583734661437,26.16427461430804
357.0,30227419.0,424.4061277388026,1997.4583734661437,26.16427461430804
358.0,30321215.0,406.35407449753654,1997.4583734661437,26.16427461430804
359.0,30416028.0,427.29958921467085,1997.4583734661437,26.16427461430804
360.0,30512889.0,400.1101640663951,1997.4583734661437,26.16427461430804
361.0,30605277.0,387.62049653545944,1997.4583734661437,26.16427461430804
362.0,30686841.0,336.33773478262856,1997.4583734661437,26.16427461430804
363.0,30782747.0,411.99213339823234,1997.4583734661437,26.16427461430804
364.0,30866429.0,354.94920728084696,1997.4583734661437,26.16427461430804
365.0,30963132.0,438.11476034878956,1997.4583734661437,26.16427461430804
366.0,31054918.0,395.257704163261,1997.4583734661437,26.16427461430804
367.0,31152909.0,415.2474096638931,1997.4583734661437,26.16427461430804
368.0,31243994.0,393.51304855629894,1997.4583734661437,26.16427461430804
369.0,31325568.0,360.50470727361056,1997.4583734661437,26.16427461430804
370.0,31414442.0,387.22814189095726,1997.4583734661437,26.16427461430804
371.0,31513941.0,429.53254877100176,1997.4583734661437,26.16427461430804
372.0,31619731.0,462.58399158034257,1997.4583734661437,26.16427461430804
373.0,31702443.0,354.37299884148865,1997.4583734661437,26.16427461430804
374.0,31796933.0,403.9814193083781,1997.4583734661437,26.16427461430804
375.0,31886961.0,370.91458339732964,1997.4583734661437,26.16427461430804
376.0,31968960.0,352.49826442748235,1997.4583734661437,26.16427461430804
377.0,32063331.0,391.94881620816915,1997.4583734661437,26.16427461430804
378.0,32158271.0,404.20946128868394,1997.4583734661437,26.16427461430804
379.0,32249625.0,373.52874496128703,1997.4583734661437,26.16427461430804
380.0,32341673.0,387.34971176791424,1997.4583734661437,26.16427461430804
381.0,32427116.0,353.0167384095201,1997.4583734661437,26.16427461430804
382.0,32522710.0,402.11156043542394,1997.4583734661437,26.16427461430804
383.0,32609357.0,367.8342524328971,1997.4583734661437,26.16427461430804
384.0,32695327.0,382.82006148268664,1997.4583734661437,26.16427461430804
385.0,32783477.0,396.5608482809977,1997.4583734661437,26.16427461430804
386.0,32875370.0,417.9010453825961,1997.4583734661437,26.16427461430804
387.0,32976526.0,449.73121676108485,1997.4583734661437,26.16427461430804
388.0,33073701.0,441.5075143512459,1997.4583734661437,26.16427461430804
389.0,33156156.0,375.43878868029054,2002.1851566250682,19.464369586110948
390.0,33239294.0,367.46359310183476,2002.1851566250682,19.464369586110948
391.0,33328635.0,391.4465152911241,2002.1851566250682,19.464369586110948
392.0,33413192.0,370.2213802815359,2002.1851566250682,19.464369586110948
393.0,33501151.0,386.6024926117505,2002.1851566250682,19.464369586110948
394.0,33583891.0,342.657979177681,2002.1851566250682,19.464369586110948
395.0,33668828.0,367.56479372558215,2002.1851566250682,19.464369586110948
396.0,33763879.0,398.7604799839176,2002.1851566250682,19.464369586110948
397.0,33861373.0,405.1518404376171,2002.1851566250682,19.464369586110948
398.0,33947800.0,366.59646988365546,2002.1851566250682,19.464369586110948
399.0,34029735.0,342.88496675478245,2002.1851566250682,19.464369586110948
400.0,34114823.0,364.8538985536059,2002.1851566250682,19.464369586110948
401.0,34209180.0,408.8916575211513,2002.1851566250682,19.464369586110948
402.0,34304008.0,415.0098694134179,2002.1851566250682,19.464369586110948
403.0,34396035.0,384.4505756732474,2002.1851566250682,19.464369586110948
404.0,34487468.0,395.436661502087,2002.1851566250682,19.464369586110948
405.0,34576392.0,382.62856213666083,2002.1851566250682,19.464369586110948
406.0,34657731.0,360.03635779535284,2002.1851566250682,19.464369586110948
407.0,34740304.0,365.59604133046145,2002.1851566250682,19.464369586110948
408.0,34824629.0,374.9924520274726,2002.1851566250682,19.464369586110948
409.0,34905976.0,350.7904601638147,2002.1851566250682,19.464369586110948
410.0,35007134.0,429.46011897420976,2002.1851566250682,19.464369586110948
411.0,35097551.0,389.5258624579807,2002.1851566250682,19.464369586110948
412.0,35181550.0,368.92738734580934,2002.1851566250682,19.464369586110948
413.0,35269291.0,362.11834995946776,2002.1851566250682,19.464369586110948
414.0,35359271.0,391.24408518149465,2002.1851566250682,19.464369586110948
415.0,35444644.0,376.3968188999906,2002.1851566250682,19.464369586110948
416.0,35530129.0,353.71135379709864,2002.1851566250682,19.464369586110948
417.0,35603887.0,311.82905121504166,2002.1851566250682,19.464369586110948
418.0,35699372.0,413.27878975085247,2002.1851566250682,19.464369586110948
419.0,35777176.0,331.30917028145194,2002.1851566250682,19.464369586110948
420.0,35859103.0,355.7224447322128,2002.1851566250682,19.464369586110948
421.0,35948065.0,397.4204817408456,2002.1851566250682,19.464369586110948
422.0,36032995.0,357.5908500353634,2002.1851566250682,19.464369586110948
423.0,36113971.0,364.0019172595459,2002.1851566250682,19.464369586110948
424.0,36194239.0,354.71494110167447,2002.1851566250682,19.464369586110948
425.0,36281687.0,374.7315932511691,2002.1851566250682,19.464369586110948
426.0,36369735.0,365.9165751038638,2002.1851566250682,19.464369586110948
427.0,36447027.0,321.4398977165985,2002.1851566250682,19.464369586110948
428.0,36538035.0,391.38201963544685,2002.1851566250682,19.464369586110948
429.0,36622552.0,363.0963408452658,2002.1851566250682,19.464369586110948
430.0,36704574.0,374.7444423691268,2002.1851566250682,19.464369586110948
431.0,36797919.0,382.73296236942895,2002.1851566250682,19.464369586110948
432.0,36887657.0,378.04808625205055,2002.1851566250682,19.464369586110948
433.0,36986633.0,435.84974553458846,2002.1851566250682,19.464369586110948
434.0,37067648.0,347.73388819623256,2002.1851566250682,19.464369586110948
435.0,37154690.0,376.8119775413491,2002.1851566250682,19.464369586110948
436.0,37246923.0,402.24558927234614,2002.1851566250682,19.464369586110948
437.0,37322581.0,336.49788423412264,2002.1851566250682,19.464369586110948
438.0,37404877.0,361.5161422646053,2002.1851566250682,19.464369586110948
439.0,37497192.0,410.26115940309,2002.1851566250682,19.464369586110948
440.0,37588899.0,398.6430592820219,2002.1851566250682,19.464369586110948
441.0,37679803.0,377.4358211700686,2002.1851566250682,19.464369586110948
442.0,37775092.0,403.29320735893816,2002.1851566250682,19.464369586110948
443.0,37864889.0,391.7362543420558,2002.1851566250682,19.464369586110948
444.0,37949017.0,348.22639112525957,2002.1851566250682,19.464369586110948
445.0,38029179.0,347.658125714448,2002.1851566250682,19.464369586110948
446.0,38126879.0,433.65896880816996,2002.1851566250682,19.464369586110948
447.0,38208216.0,365.71259116495486,2002.1851566250682,19.464369586110948
448.0,38283507.0,335.60662159204685,2002.1851566250682,19.464369586110948
449.0,38378352.0,414.60507756581194,2012.5493850386536,44.03913509735109
450.0,38462752.0,375.48325476769116,2012.5493850386536,44.03913509735109
451.0,38551308.0,408.4842976219194,2012.5493850386536,44.03913509735109
452.0,38631573.0,354.20625888632924,2018.4229454686663,40.820847033518554
453.0,38725038.0,400.4803271124056,2018.4229454686663,40.820847033518554
454.0,38821114.0,421.16997178481796,2018.4229454686663,40.820847033518554
455.0,38901877.0,350.77171874765185,2018.4229454686663,40.820847033518554
456.0,38993578.0,389.0193021997274,2018.4229454686663,40.820847033518554
457.0,39091644.0,427.3400476060202,2018.4229454686663,40.820847033518554
458.0,39172513.0,383.13374861222843,2018.4229454686663,40.820847033518554
459.0,39262450.0,408.15009961777696,2018.4229454686663,40.820847033518554
460.0,39343101.0,352.0422417587031,2018.4229454686663,40.820847033518554
461.0,39435373.0,397.52272831784046,2018.4229454686663,40.820847033518554
462.0,39529137.0,391.24255410743007,2018.4229454686663,40.820847033518554
463.0,39617856.0,387.5330813626982,2018.4229454686663,40.820847033518554
464.0,39699644.0,363.9835523751097,2018.4229454686663,40.820847033518554
465.0,39773798.0,338.8715323661008,2018.4229454686663,40.820847033518554
466.0,39856959.0,374.1730160790692,2018.4229454686663,40.820847033518554
467.0,39938576.0,347.4997604859745,2018.4229454686663,40.820847033518554
468.0,40034955.0,414.6720045894191,2018.4229454686663,40.820847033518554
469.0,40125844.0,399.91593348368855,2018.4229454686663,40.820847033518554
470.0,40207482.0,357.6876897801821,2018.4229454686663,40.820847033518554
471.0,40278543.0,316.22653916898673,2018.4229454686663,40.820847033518554
472.0,40362549.0,386.5960447385203,2018.4229454686663,40.820847033518554
473.0,40449970.0,367.3491819124159,2018.4229454686663,40.820847033518554
474.0,40520136.0,312.5539241811932,2018.4229454686663,40.820847033518554
475.0,40611212.0,403.2655556844713,2018.4229454686663,40.820847033518554
476.0,40692810.0,359.7795038595469,2018.4229454686663,40.820847033518554
477.0,40780292.0,394.43150383460096,2018.4229454686663,40.820847033518554
478.0,40869794.0,385.79007948430376,2018.4229454686663,40.820847033518554
479.0,40966224.0,408.2666178801385,2018.4229454686663,40.820847033518554
480.0,41067826.0,423.0706729063098,2018.4229454686663,40.820847033518554
481.0,41149912.0,381.99420864705246,2075.947938778452,97.31624107253643
482.0,41235801.0,385.9713898509809,2077.45525661968,98.6039321963504
483.0,41337450.0,431.7823386016238,2077.45525661968,98.6039321963504
484.0,41443816.0,442.05034786175435,2077.45525661968,98.6039321963504
485.0,41516766.0,319.29462743356265,2077.45525661968,98.6039321963504
486.0,41600805.0,369.24465679439965,2077.45525661968,98.6039321963504
487.0,41693914.0,395.14493213991096,2077.45525661968,98.6039321963504
488.0,41790638.0,407.50159790832,2077.45525661968,98.6039321963504
489.0,41887613.0,407.91078359422977,2077.45525661968,98.6039321963504
490.0,41970229.0,366.48469804649824,2077.45525661968,98.6039321963504
491.0,42065201.0,409.3934021385245,2077.45525661968,98.6039321963504
492.0,42149486.0,366.30955665343186,2077.45525661968,98.6039321963504
493.0,42236303.0,363.776790697797,2077.45525661968,98.6039321963504
494.0,42326415.0,397.86862631268866,2077.45525661968,98.6039321963504
495.0,42436772.0,492.3055604591311,2077.45525661968,98.6039321963504
496.0,42513790.0,346.78069398685113,2210.217099484162,308.6674305284853
497.0,42596349.0,361.80696067868035,2210.217099484162,308.6674305284853
498.0,42670888.0,310.8535494822944,2210.217099484162,308.6674305284853
499.0,42776159.0,460.9745439421713,2210.217099484162,308.6674305284853
500.0,42864216.0,371.79838074086695,2210.217099484162,308.6674305284853
501.0,42938112.0,324.8961349278992,2210.217099484162,308.6674305284853
502.0,43020046.0,359.9757379470957,2210.217099484162,308.6674305284853
503.0,43106006.0,378.5114986774876,2210.217099484162,308.6674305284853
504.0,43190815.0,352.8108064290965,2210.217099484162,308.6674305284853
505.0,43279436.0,385.88486549291025,2210.217099484162,308.6674305284853
506.0,43373823.0,416.1226731845794,2210.217099484162,308.6674305284853
507.0,43467743.0,387.0114170058397,2210.217099484162,308.6674305284853
508.0,43555031.0,396.2576301291632,2210.217099484162,308.6674305284853
509.0,43645072.0,409.6975237502001,2210.217099484162,308.6674305284853
510.0,43721605.0,342.3862635551502,2210.217099484162,308.6674305284853
511.0,43813144.0,385.4322968618141,2210.217099484162,308.6674305284853
512.0,43897011.0,382.4326662715859,2210.217099484162,308.6674305284853
513.0,43996216.0,408.425219230673,2210.217099484162,308.6674305284853
514.0,44069176.0,321.9826143646516,2210.217099484162,308.6674305284853
515.0,44169784.0,414.2454551474231,2210.217099484162,308.6674305284853
516.0,44260280.0,384.276274104396,2210.217099484162,308.6674305284853
517.0,44350882.0,378.6433613055796,2210.217099484162,308.6674305284853
518.0,44448335.0,408.95003245961647,2210.217099484162,308.6674305284853
519.0,44552127.0,436.65558236241907,2210.217099484162,308.6674305284853
520.0,44640080.0,374.56284701464386,2210.217099484162,308.6674305284853
521.0,44734810.0,421.87566029000044,2210.217099484162,308.6674305284853
522.0,44817633.0,356.21560924206017,2210.217099484162,308.6674305284853
523.0,44912919.0,421.8607473749546,2210.217099484162,308.6674305284853
524.0,45011354.0,428.9475956000677,2210.217099484162,308.6674305284853
525.0,45093422.0,365.16240348127195,2210.217099484162,308.6674305284853
526.0,45188969.0,384.2168698276288,2210.217099484162,308.6674305284853
527.0,45274166.0,389.0231158616349,2210.217099484162,308.6674305284853
528.0,45357350.0,364.3038887814349,2210.217099484162,308.6674305284853
529.0,45447097.0,391.50428483710937,2210.217099484162,308.6674305284853
530.0,45539387.0,418.9762739697619,2210.217099484162,308.6674305284853
531.0,45627217.0,385.3697738389895,2210.217099484162,308.6674305284853
532.0,45718777.0,395.6504231089267,2210.217099484162,308.6674305284853
533.0,45815235.0,421.4748943224414,2210.217099484162,308.6674305284853
534.0,45909177.0,389.91168937465807,2210.217099484162,308.6674305284853
535.0,46003170.0,405.94792095801336,2210.217099484162,308.6674305284853
536.0,46098782.0,412.0751400531023,2210.217099484162,308.6674305284853
537.0,46179729.0,358.8581331596358,2210.217099484162,308.6674305284853
538.0,46277418.0,410.7616589620457,2210.217099484162,308.6674305284853
539.0,46367593.0,382.7691606226388,2210.217099484162,308.6674305284853
540.0,46460230.0,410.25403550727896,2210.217099484162,308.6674305284853
541.0,46548205.0,378.4686283536988,2210.217099484162,308.6674305284853
542.0,46632786.0,375.497607657459,2210.217099484162,308.6674305284853
543.0,46723552.0,388.0045787484372,2210.217099484162,308.6674305284853
544.0,46820784.0,443.9836404554478,2210.217099484162,308.6674305284853
545.0,46916914.0,392.51787552157424,2210.217099484162,308.6674305284853
546.0,47017572.0,427.31091563604735,2210.217099484162,308.6674305284853
547.0,47099723.0,347.5597312439365,2210.217099484162,308.6674305284853
548.0,47195255.0,412.09182880022496,2210.217099484162,308.6674305284853
549.0,47280936.0,367.1574570223625,2210.217099484162,308.6674305284853
550.0,47377486.0,405.5034962288332,2210.217099484162,308.6674305284853
551.0,47466472.0,362.36866827816493,2210.217099484162,308.6674305284853
552.0,47555252.0,392.75624311917403,2210.217099484162,308.6674305284853
553.0,47647699.0,391.6492536096515,2210.217099484162,308.6674305284853
554.0,47731357.0,374.9628600451378,2210.217099484162,308.6674305284853
555.0,47816435.0,368.59323646921155,2210.217099484162,308.6674305284853
556.0,47908065.0,397.88779721155095,2210.217099484162,308.6674305284853
557.0,48006792.0,414.3976070766953,2210.217099484162,308.6674305284853
558.0,48098422.0,387.3739199219371,2210.217099484162,308.6674305284853
559.0,48180146.0,370.3469639415072,2210.217099484162,308.6674305284853
560.0,48262331.0,352.7889908928987,2210.217099484162,308.6674305284853
561.0,48352901.0,403.75955471910214,2210.217099484162,308.6674305284853
562.0,48443592.0,379.5151323901644,2210.217099484162,308.6674305284853
563.0,48541027.0,414.1326633674635,2210.217099484162,308.6674305284853
564.0,48626875.0,376.0466787336208,2210.217099484162,308.6674305284853
565.0,48719530.0,389.1244108462163,2210.217099484162,308.6674305284853
566.0,48799582.0,358.79453499903263,2210.217099484162,308.6674305284853
567.0,48893538.0,409.34276850529227,2210.217099484162,308.6674305284853
568.0,48985811.0,407.0508475512558,2210.217099484162,308.6674305284853
569.0,49068461.0,367.215618377678,2210.217099484162,308.6674305284853
570.0,49156017.0,368.4612000989197,2210.217099484162,308.6674305284853
571.0,49241277.0,363.3116065977994,2210.217099484162,308.6674305284853
572.0,49324299.0,365.8882116658887,2210.217099484162,308.6674305284853
573.0,49416977.0,395.60998092668376,2210.217099484162,308.6674305284853
574.0,49520951.0,436.019486713371,2210.217099484162,308.6674305284853
575.0,49621035.0,459.75127846099093,2266.40619316753,34.73700765525037
576.0,49703519.0,384.40560650586536,2266.40619316753,34.73700765525037
577.0,49792025.0,371.8790293688937,2266.40619316753,34.73700765525037
578.0,49878808.0,399.8673912838707,2266.40619316753,34.73700765525037
579.0,49958518.0,354.98598473418957,2266.40619316753,34.73700765525037
580.0,50047272.0,377.3637120697269,2266.40619316753,34.73700765525037
581.0,50132792.0,379.5051564783997,2266.40619316753,34.73700765525037
582.0,50226376.0,397.14585809652345,2266.40619316753,34.73700765525037
583.0,50326173.0,431.33349444307373,2266.40619316753,34.73700765525037
584.0,50421551.0,425.6545048611186,2266.40619316753,34.73700765525037
585.0,50517830.0,395.390294708653,2266.40619316753,34.73700765525037
586.0,50616460.0,415.5567448041547,2266.40619316753,34.73700765525037
587.0,50712059.0,422.5202059661397,2266.6425777232657,43.702089906439994
588.0,50804407.0,412.47308993713636,2266.6425777232657,43.702089906439994
589.0,50897689.0,398.5683607212278,2266.6425777232657,43.702089906439994
590.0,50978147.0,357.07109357465254,2266.6425777232657,43.702089906439994
591.0,51059967.0,361.02352768517727,2266.6425777232657,43.702089906439994
592.0,51155252.0,419.82529241099854,2266.6425777232657,43.702089906439994
593.0,51249181.0,417.5812932842665,2266.6425777232657,43.702089906439994
594.0,51339080.0,425.0063165111401,2266.6425777232657,43.702089906439994
595.0,51424817.0,395.94888170152524,2277.551790460077,119.67568709000724
596.0,51521980.0,444.746575126314,2277.551790460077,119.67568709000724
597.0,51621003.0,442.2404653643351,2277.551790460077,119.67568709000724
598.0,51720077.0,430.73106146082205,2277.551790460077,119.67568709000724
599.0,51808275.0,400.7896402157631,2277.551790460077,119.67568709000724
600.0,51897765.0,397.48732463444605,2277.551790460077,119.67568709000724
601.0,51993198.0,423.79419084894477,2277.551790460077,119.67568709000724
602.0,52084296.0,421.10942432138467,2277.551790460077,119.67568709000724
603.0,52180943.0,421.52201970426574,2277.551790460077,119.67568709000724
604.0,52260273.0,377.82070915263574,2277.551790460077,119.67568709000724
605.0,52345553.0,374.0872848178621,2277.551790460077,119.67568709000724
606.0,52437925.0,412.0280685904807,2277.551790460077,119.67568709000724
607.0,52522399.0,398.2136531517374,2277.551790460077,119.67568709000724
608.0,52608724.0,391.66443581260336,2277.551790460077,119.67568709000724
609.0,52694876.0,402.51646114738725,2318.564278606482,29.90431383760489
610.0,52770808.0,343.6270081656531,2318.5643897013706,29.90443940623613
611.0,52854152.0,386.7042252591272,2318.5643897013706,29.90443940623613
612.0,52932487.0,361.7924069426089,2318.5643897013706,29.90443940623613
613.0,53033262.0,450.8435582355112,2318.5643897013706,29.90443940623613
614.0,53113512.0,400.9909709728594,2319.474005731559,13.420874717751822
615.0,53202132.0,418.52317621859737,2319.474005731559,13.420874717751822
616.0,53290453.0,396.3493235787025,2319.474005731559,13.420874717751822
617.0,53381972.0,444.76056137082946,2430.9571574788893,23.677284316308278
618.0,53468460.0,393.9367912578266,2430.7167281524285,21.389265019422528
619.0,53552570.0,401.60429847376713,2430.7167281524285,21.389265019422528
620.0,53638709.0,395.14018969838435,2430.7167281524285,21.389265019422528
621.0,53714224.0,369.157440187245,2430.7167281524285,21.389265019422528
622.0,53811779.0,448.69752733958137,2430.7167281524285,21.389265019422528
623.0,53894787.0,378.28207509075565,2430.7167281524285,21.389265019422528
624.0,53983438.0,411.60692648346003,2430.7167281524285,21.389265019422528
625.0,54075238.0,418.8520654689652,2430.7167281524285,21.389265019422528
626.0,54153574.0,364.1475685338602,2430.7167281524285,21.389265019422528
627.0,54220929.0,322.958125467478,2430.7167281524285,21.389265019422528
628.0,54310932.0,419.67509944393163,2430.7167281524285,21.389265019422528
629.0,54393071.0,387.68167732098084,2430.7167281524285,21.389265019422528
630.0,54470372.0,351.3662610777312,2430.7167281524285,21.389265019422528
631.0,54567241.0,455.1987927241902,2430.7167281524285,21.389265019422528
632.0,54649726.0,373.0447357182065,2430.7167281524285,21.389265019422528
633.0,54727436.0,354.40738405405153,2430.7167281524285,21.389265019422528
634.0,54816844.0,414.6157573352585,2430.7167281524285,21.389265019422528
635.0,54904043.0,389.9912066144006,2430.7167281524285,21.389265019422528
636.0,54983232.0,371.8759759558867,2430.7167281524285,21.389265019422528
637.0,55080709.0,432.702611164166,2430.7167281524285,21.389265019422528
638.0,55160913.0,382.84027135111916,2430.7167281524285,21.389265019422528
639.0,55251588.0,404.9705688464174,2430.7167281524285,21.389265019422528
640.0,55336515.0,397.7644296375874,2430.7167281524285,21.389265019422528
641.0,55416594.0,394.78517967723207,2430.7167281524285,21.389265019422528
642.0,55504637.0,402.88585816370716,2430.7167281524285,21.389265019422528
643.0,55585302.0,377.6345042945675,2430.7167281524285,21.389265019422528
644.0,55664344.0,375.61838098277275,2430.7167281524285,21.389265019422528
645.0,55746890.0,361.17883958691624,2430.7167281524285,21.389265019422528
646.0,55826998.0,377.29961248276055,2430.7167281524285,21.389265019422528
647.0,55913118.0,405.7975401550778,2430.7167281524285,21.389265019422528
648.0,56007897.0,447.21667971145115,2430.7167281524285,21.389265019422528
649.0,56104689.0,456.87610970512935,2430.7167281524285,21.389265019422528
650.0,56196846.0,425.4979789315266,2430.7167281524285,21.389265019422528
651.0,56277301.0,407.0213604255534,2430.7167281524285,21.389265019422528
652.0,56362919.0,414.6041634088396,2430.7167281524285,21.389265019422528
653.0,56446985.0,407.3068110200485,2430.7167281524285,21.389265019422528
654.0,56526245.0,372.55572997906944,2430.7167281524285,21.389265019422528
655.0,56618705.0,437.61046801739724,2438.018046778368,12.829090093756937
656.0,56702575.0,404.36818301832807,2439.3715667365873,13.111472551752245
657.0,56785670.0,388.0573520379675,2439.3715667365873,13.111472551752245
658.0,56866735.0,393.96378034161717,2439.3715667365873,13.111472551752245
659.0,56946278.0,365.90825003357094,2439.3715667365873,13.111472551752245
660.0,57027269.0,386.80853781060716,2439.3715667365873,13.111472551752245
661.0,57109063.0,391.83134755261455,2439.3715667365873,13.111472551752245
662.0,57180260.0,341.5956724453892,2439.3715667365873,13.111472551752245
663.0,57264464.0,381.0152926998903,2439.3715667365873,13.111472551752245
664.0,57346405.0,405.5849043995831,2439.3715667365873,13.111472551752245
665.0,57439145.0,429.07587025414034,2439.3715667365873,13.111472551752245
666.0,57520226.0,379.2271036277188,2439.3715667365873,13.111472551752245
667.0,57612114.0,433.11722116883465,2439.3715667365873,13.111472551752245
668.0,57693080.0,385.5123262658448,2439.3715667365873,13.111472551752245
669.0,57776814.0,391.96886087473746,2439.3715667365873,13.111472551752245
670.0,57857801.0,393.85961079470167,2439.3715667365873,13.111472551752245
671.0,57948344.0,422.0152077814404,2439.3715667365873,13.111472551752245
672.0,58035136.0,399.67845734404494,2439.3715667365873,13.111472551752245
673.0,58132992.0,449.0792657466371,2439.3715667365873,13.111472551752245
674.0,58221447.0,419.9635348133156,2439.3715667365873,13.111472551752245
675.0,58301952.0,380.9346166870193,2439.3715667365873,13.111472551752245
676.0,58390388.0,446.86133084181165,2439.3715667365873,13.111472551752245
677.0,58461961.0,338.0379650322374,2439.3715667365873,13.111472551752245
678.0,58538295.0,370.0582784623737,2439.3715667365873,13.111472551752245
679.0,58622865.0,395.2877353201571,2439.3715667365873,13.111472551752245
680.0,58694148.0,359.2383048316704,2439.3715667365873,13.111472551752245
681.0,58781680.0,433.01354408448793,2439.3715667365873,13.111472551752245
682.0,58870012.0,421.19770588045685,2439.3715667365873,13.111472551752245
683.0,58954232.0,392.00442912839185,2439.3715667365873,13.111472551752245
684.0,59047192.0,448.0282853930167,2439.3715667365873,13.111472551752245
685.0,59134238.0,425.55120546789885,2439.3715667365873,13.111472551752245
686.0,59222505.0,405.0875641059715,2439.3715667365873,13.111472551752245
687.0,59312882.0,434.7119268971756,2439.3715667365873,13.111472551752245
688.0,59390747.0,373.3132863310797,2439.3715667365873,13.111472551752245
689.0,59476015.0,412.0176055364674,2439.3715667365873,13.111472551752245
690.0,59568291.0,439.7890262599706,2439.3715667365873,13.111472551752245
691.0,59665584.0,459.81143491354777,2439.3715667365873,13.111472551752245
692.0,59742871.0,367.1248187571906,2439.3715667365873,13.111472551752245
693.0,59823750.0,376.04504852087564,2439.3715667365873,13.111472551752245
694.0,59906026.0,387.5826587523519,2439.3715667365873,13.111472551752245
695.0,59991613.0,402.4537022302031,2439.3715667365873,13.111472551752245
696.0,60084280.0,466.03296154697983,2439.3715667365873,13.111472551752245
697.0,60171800.0,406.15102159056994,2439.3715667365873,13.111472551752245
698.0,60253695.0,399.318675155341,2439.3715667365873,13.111472551752245
699.0,60337667.0,386.2187551981478,2439.3715667365873,13.111472551752245
700.0,60425059.0,408.84685820389046,2439.3715667365873,13.111472551752245
701.0,60506314.0,382.0218323753327,2439.3715667365873,13.111472551752245
702.0,60588498.0,392.7871962876867,2439.3715667365873,13.111472551752245
703.0,60688036.0,450.98368723499823,2439.3715667365873,13.111472551752245
704.0,60779118.0,423.11491532579333,2439.3715667365873,13.111472551752245
705.0,60872208.0,443.03250653273955,2439.3715667365873,13.111472551752245
706.0,60948578.0,368.31119685088777,2439.3715667365873,13.111472551752245
707.0,61021237.0,370.16447399337,2497.804307616154,42.487281228351605
708.0,61117560.0,478.3731027827435,2497.804307616154,42.487281228351605
709.0,61213049.0,470.15406473261834,2497.804307616154,42.487281228351605
710.0,61289238.0,373.25597211345024,2497.804307616154,42.487281228351605
711.0,61370138.0,386.0593238572339,2497.804307616154,42.487281228351605
712.0,61459181.0,422.5735276705039,2497.804307616154,42.487281228351605
713.0,61560742.0,455.6422216265075,2497.804307616154,42.487281228351605
714.0,61653664.0,429.2102926000833,2497.804307616154,42.487281228351605
715.0,61756635.0,481.7757703471973,2497.804307616154,42.487281228351605
716.0,61839705.0,381.0963397751313,2497.804307616154,42.487281228351605
717.0,61934377.0,446.3571278257948,2497.804307616154,42.487281228351605
718.0,62037133.0,500.62685005315296,2497.804307616154,42.487281228351605
719.0,62123717.0,401.1198774332063,2497.804307616154,42.487281228351605
720.0,62199801.0,363.3104022001534,2497.804307616154,42.487281228351605
721.0,62280406.0,409.1848752104897,2497.804307616154,42.487281228351605
722.0,62369111.0,424.14712010385006,2497.804307616154,42.487281228351605
723.0,62461591.0,441.2084572423244,2497.804307616154,42.487281228351605
724.0,62544394.0,389.14457135011907,2497.804307616154,42.487281228351605
725.0,62631673.0,422.7191036476361,2497.804307616154,42.487281228351605
726.0,62739347.0,487.35795784221744,2497.804307616154,42.487281228351605
727.0,62821846.0,404.6832560538323,2497.804307616154,42.487281228351605
728.0,62913524.0,431.14552188569206,2497.804307616154,42.487281228351605
729.0,62987799.0,361.15479987646876,2497.804307616154,42.487281228351605
730.0,63070319.0,384.8175249821898,2497.804307616154,42.487281228351605
731.0,63156604.0,419.90293123428137,2497.804307616154,42.487281228351605
732.0,63248402.0,439.58748407726745,2497.804307616154,42.487281228351605
733.0,63336459.0,419.3926873975033,2497.804307616154,42.487281228351605
734.0,63418508.0,383.05093646432846,2497.804307616154,42.487281228351605
735.0,63502653.0,393.8584525852402,2497.804307616154,42.487281228351605
736.0,63595608.0,429.039182942322,2497.804307616154,42.487281228351605
737.0,63679680.0,405.8616276735221,2497.804307616154,42.487281228351605
738.0,63768752.0,413.18629102037585,2497.804307616154,42.487281228351605
739.0,63849133.0,382.91780949707174,2497.804307616154,42.487281228351605
740.0,63928938.0,399.2027016501141,2497.804307616154,42.487281228351605
741.0,64018455.0,414.6753995175234,2497.804307616154,42.487281228351605
742.0,64099668.0,396.98998955870377,2497.804307616154,42.487281228351605
743.0,64183870.0,420.6942647556906,2497.804307616154,42.487281228351605
744.0,64285016.0,481.8636498040095,2497.804307616154,42.487281228351605
745.0,64362859.0,389.1947253328536,2497.804307616154,42.487281228351605
746.0,64448409.0,402.10278533356575,2497.804307616154,42.487281228351605
747.0,64541076.0,430.6989452692536,2497.804307616154,42.487281228351605
748.0,64626528.0,416.96867743347144,2497.804307616154,42.487281228351605
749.0,64709869.0,404.150161267371,2497.804307616154,42.487281228351605
750.0,64787712.0,372.09907940797007,2497.804307616154,42.487281228351605
751.0,64879843.0,450.88946502481934,2497.804307616154,42.487281228351605
752.0,64964940.0,399.18918718709625,2497.804307616154,42.487281228351605
753.0,65064876.0,458.4289688386361,2497.804307616154,42.487281228351605
754.0,65147219.0,414.6329431513866,2497.804307616154,42.487281228351605
755.0,65240712.0,435.047831834394,2497.804307616154,42.487281228351605
756.0,65334887.0,437.4910543799877,2497.804307616154,42.487281228351605
757.0,65424652.0,435.2114241501567,2497.804307616154,42.487281228351605
758.0,65512451.0,417.0797310609453,2497.804307616154,42.487281228351605
759.0,65594403.0,378.23242662423877,2497.804307616154,42.487281228351605
760.0,65690945.0,455.56915751176575,2497.804307616154,42.487281228351605
761.0,65779626.0,412.93702704678947,2497.804307616154,42.487281228351605
762.0,65874627.0,472.92612796178315,2497.804307616154,42.487281228351605
763.0,65960230.0,401.343725954848,2497.804307616154,42.487281228351605
764.0,66042011.0,376.55713602331105,2497.804307616154,42.487281228351605
765.0,66121078.0,396.16154863048723,2497.804307616154,42.487281228351605
766.0,66206312.0,415.9629547965891,2497.804307616154,42.487281228351605
767.0,66290221.0,374.8714498901106,2497.804307616154,42.487281228351605
768.0,66372191.0,401.03384706928387,2497.804307616154,42.487281228351605
769.0,66456047.0,408.67065348452894,2497.804307616154,42.487281228351605
770.0,66538836.0,401.9883409852311,2497.804307616154,42.487281228351605
771.0,66617232.0,383.160323247174,2497.804307616154,42.487281228351605
772.0,66702677.0,402.50965322912816,2497.804307616154,42.487281228351605
773.0,66794065.0,433.64766110815594,2497.804307616154,42.487281228351605
774.0,66871392.0,382.9794020278351,2497.804307616154,42.487281228351605
775.0,66959507.0,437.0983900392792,2497.804307616154,42.487281228351605
776.0,67049401.0,413.1038396491277,2497.804307616154,42.487281228351605
777.0,67127404.0,389.8738978604854,2497.804307616154,42.487281228351605
778.0,67233220.0,495.1854754413222,2497.804307616154,42.487281228351605
779.0,67314506.0,381.46595776928484,2497.804307616154,42.487281228351605
780.0,67398081.0,405.0221067413053,2497.804307616154,42.487281228351605
781.0,67481937.0,397.5250161757148,2497.804307616154,42.487281228351605
782.0,67564572.0,389.33432426706685,2497.804307616154,42.487281228351605
783.0,67642197.0,380.0983524644032,2497.804307616154,42.487281228351605
784.0,67731034.0,417.7832314330557,2497.804307616154,42.487281228351605
785.0,67814438.0,378.7673063860277,2497.804307616154,42.487281228351605
786.0,67899374.0,391.8523150606313,2497.804307616154,42.487281228351605
787.0,68000943.0,476.4118512369286,2497.804307616154,42.487281228351605
788.0,68099676.0,457.17836738632576,2497.804307616154,42.487281228351605
789.0,68192662.0,471.3570017424881,2497.804307616154,42.487281228351605
790.0,68277199.0,395.19563860752476,2497.804307616154,42.487281228351605
791.0,68377073.0,489.663890005707,2497.804307616154,42.487281228351605
792.0,68471156.0,446.2266039866974,2497.804307616154,42.487281228351605
793.0,68565460.0,441.13903568694616,2497.804307616154,42.487281228351605
794.0,68643177.0,374.8406990256771,2497.804307616154,42.487281228351605
795.0,68729861.0,435.7543682098243,2497.804307616154,42.487281228351605
796.0,68821030.0,414.1671867645298,2497.804307616154,42.487281228351605
797.0,68913549.0,447.9580430769789,2497.804307616154,42.487281228351605
798.0,69016806.0,493.63167558371737,2497.804307616154,42.487281228351605
799.0,69094591.0,375.1260059940172,2497.804307616154,42.487281228351605
800.0,69180472.0,426.3319382354017,2497.804307616154,42.487281228351605
801.0,69278123.0,451.8207573480514,2497.804307616154,42.487281228351605
802.0,69362917.0,393.4982816284093,2497.804307616154,42.487281228351605
803.0,69463651.0,467.65396848583856,2497.804307616154,42.487281228351605
804.0,69547870.0,395.6522091593726,2497.804307616154,42.487281228351605
805.0,69649900.0,486.90688825883984,2497.804307616154,42.487281228351605
806.0,69738920.0,401.8556836188683,2497.804307616154,42.487281228351605
807.0,69835829.0,446.6666588883615,2497.804307616154,42.487281228351605
808.0,69920498.0,410.45039523489356,2497.804307616154,42.487281228351605
809.0,70017781.0,444.35276343754407,2497.804307616154,42.487281228351605
810.0,70106731.0,409.5040787281422,2497.804307616154,42.487281228351605
811.0,70199382.0,427.91578955475603,2497.804307616154,42.487281228351605
812.0,70286407.0,396.32814791388466,2497.804307616154,42.487281228351605
813.0,70376867.0,447.8340959259135,2497.804307616154,42.487281228351605
814.0,70455278.0,378.6383900851281,2497.804307616154,42.487281228351605
815.0,70539962.0,380.46107063778356,2497.804307616154,42.487281228351605
816.0,70618837.0,393.5326690362236,2497.804307616154,42.487281228351605
817.0,70701618.0,403.03620542678954,2497.804307616154,42.487281228351605
818.0,70790792.0,420.62490786089325,2497.804307616154,42.487281228351605
819.0,70879082.0,424.24671740942534,2497.804307616154,42.487281228351605
820.0,70970577.0,422.3206836134653,2497.804307616154,42.487281228351605
821.0,71051106.0,377.86693058661024,2497.804307616154,42.487281228351605
822.0,71142485.0,429.272692079127,2497.804307616154,42.487281228351605
823.0,71226430.0,408.9519478161876,2497.804307616154,42.487281228351605
824.0,71303893.0,400.7186620705644,2497.804307616154,42.487281228351605
825.0,71406623.0,488.7074927253949,2560.7818437001533,49.881547213821555
826.0,71492929.0,413.0167251004792,2582.93083433231,56.102134264454925
827.0,71567354.0,363.67636948046083,2582.93083433231,56.102134264454925
828.0,71647973.0,379.92913645509753,2582.93083433231,56.102134264454925
829.0,71732579.0,422.5608874831785,2582.93083433231,56.102134264454925
830.0,71836120.0,489.0526407310444,2582.93083433231,56.102134264454925
831.0,71923397.0,439.1589893626699,2582.93083433231,56.102134264454925
832.0,72017799.0,451.0163229738227,2582.93083433231,56.102134264454925
833.0,72101075.0,415.40945038150016,2582.93083433231,56.102134264454925
834.0,72182435.0,404.8627502695227,2582.93083433231,56.102134264454925
835.0,72266484.0,429.42316726334764,2582.93083433231,56.102134264454925
836.0,72348685.0,400.21280651011256,2582.93083433231,56.102134264454925
837.0,72447564.0,471.68535973780274,2582.93083433231,56.102134264454925
838.0,72540560.0,442.0858010216847,2582.93083433231,56.102134264454925
839.0,72634647.0,455.64328833641224,2582.93083433231,56.102134264454925
840.0,72724835.0,432.0187239776571,2582.93083433231,56.102134264454925
841.0,72807406.0,405.87248018529294,2582.93083433231,56.102134264454925
842.0,72912664.0,512.0675417599847,2582.93083433231,56.102134264454925
843.0,73006573.0,450.84978752182207,2582.93083433231,56.102134264454925
844.0,73083096.0,361.79505382684306,2582.93083433231,56.102134264454925
845.0,73175260.0,432.5990814830912,2582.93083433231,56.102134264454925
846.0,73263478.0,411.3805814600986,2582.93083433231,56.102134264454925
847.0,73361038.0,471.55040759934826,2582.93083433231,56.102134264454925
848.0,73446468.0,399.9225690864002,2582.93083433231,56.102134264454925
849.0,73547722.0,501.60706395788895,2582.93083433231,56.102134264454925
850.0,73639822.0,455.1112477084311,2582.93083433231,56.102134264454925
851.0,73728232.0,425.1056013266427,2582.93083433231,56.102134264454925
852.0,73820211.0,443.6931048564548,2582.93083433231,56.102134264454925
853.0,73906575.0,418.35567752223915,2582.93083433231,56.102134264454925
854.0,73991487.0,401.3940093882424,2582.93083433231,56.102134264454925
855.0,74060048.0,339.42282062834494,2582.93083433231,56.102134264454925
856.0,74148221.0,440.1625086515586,2582.93083433231,56.102134264454925
857.0,74238194.0,434.54927558874436,2582.93083433231,56.102134264454925
858.0,74317293.0,391.37253732601573,2582.93083433231,56.102134264454925
859.0,74412046.0,434.3956614978778,2582.93083433231,56.102134264454925
860.0,74491169.0,385.92298731327094,2582.93083433231,56.102134264454925
861.0,74577637.0,417.651848259415,2582.93083433231,56.102134264454925
862.0,74670615.0,480.63680856325084,2582.93083433231,56.102134264454925
863.0,74758885.0,436.0981463379154,2582.93083433231,56.102134264454925
864.0,74843332.0,395.89419315301245,2582.93083433231,56.102134264454925
865.0,74935986.0,478.90150546988497,2582.93083433231,56.102134264454925
866.0,75015560.0,382.21607580763526,2582.93083433231,56.102134264454925
867.0,75091317.0,382.28427289543214,2582.93083433231,56.102134264454925
868.0,75184218.0,444.7664609711007,2582.93083433231,56.102134264454925
869.0,75276181.0,441.2475372169837,2582.93083433231,56.102134264454925
870.0,75358961.0,416.0937003928736,2582.93083433231,56.102134264454925
871.0,75450838.0,469.82938769822994,2582.93083433231,56.102134264454925
872.0,75525183.0,364.26382761110267,2582.93083433231,56.102134264454925
873.0,75615939.0,441.3137113881785,2582.93083433231,56.102134264454925
874.0,75700442.0,386.95040088667815,2582.93083433231,56.102134264454925
875.0,75800426.0,461.1020730675986,2582.93083433231,56.102134264454925
876.0,75883346.0,413.98119020542566,2582.93083433231,56.102134264454925
877.0,75966791.0,411.7813519354002,2582.93083433231,56.102134264454925
878.0,76054773.0,432.6860431109089,2582.93083433231,56.102134264454925
879.0,76141208.0,424.11243456360353,2582.93083433231,56.102134264454925
880.0,76216962.0,376.2201757174274,2582.93083433231,56.102134264454925
881.0,76318439.0,478.23819449312106,2582.93083433231,56.102134264454925
882.0,76409681.0,422.57804524074606,2582.93083433231,56.102134264454925
883.0,76501971.0,452.80929723001714,2582.93083433231,56.102134264454925
884.0,76585466.0,418.24207032654425,2582.93083433231,56.102134264454925
885.0,76684493.0,468.32394284814194,2582.93083433231,56.102134264454925
886.0,76763939.0,391.320992514503,2605.237929754127,9.255137802182931
887.0,76868687.0,510.62876704326476,2605.237929754127,9.255137802182931
888.0,76955429.0,449.67183027217624,2605.237929754127,9.255137802182931
889.0,77055360.0,462.583286366967,2605.237929754127,9.255137802182931
890.0,77134830.0,395.29623814259844,2605.237929754127,9.255137802182931
891.0,77221176.0,427.63710361691903,2605.237929754127,9.255137802182931
892.0,77314320.0,466.99708540161635,2605.237929754127,9.255137802182931
893.0,77404109.0,447.00123313049437,2605.237929754127,9.255137802182931
894.0,77506071.0,518.8864501009166,2605.237929754127,9.255137802182931
895.0,77600657.0,460.0201233982271,2605.237929754127,9.255137802182931
896.0,77676655.0,376.24923985814195,2605.237929754127,9.255137802182931
897.0,77763809.0,452.5814094024256,2605.237929754127,9.255137802182931
898.0,77863784.0,480.4644263184743,2605.237929754127,9.255137802182931
899.0,77947630.0,407.9690253194405,2605.237929754127,9.255137802182931
900.0,78031678.0,409.82848677901814,2605.237929754127,9.255137802182931
901.0,78113798.0,422.73165890326834,2605.237929754127,9.255137802182931
902.0,78211625.0,484.6554110771773,2605.237929754127,9.255137802182931
903.0,78297751.0,416.34330466578336,2605.237929754127,9.255137802182931
904.0,78381100.0,407.5470734386968,2605.237929754127,9.255137802182931
905.0,78482079.0,473.76136422517556,2605.237929754127,9.255137802182931
906.0,78574911.0,458.04106650705404,2605.237929754127,9.255137802182931
907.0,78651827.0,411.5303817739525,2605.237929754127,9.255137802182931
908.0,78736671.0,418.6703940060644,2605.237929754127,9.255137802182931
909.0,78830014.0,482.97442043695526,2605.237929754127,9.255137802182931
910.0,78930582.0,486.35343227982145,2605.237929754127,9.255137802182931
911.0,79016283.0,432.2060907805207,2605.237929754127,9.255137802182931
912.0,79095332.0,407.9570342824681,2605.237929754127,9.255137802182931
913.0,79189260.0,430.93877421005266,2605.237929754127,9.255137802182931
914.0,79283907.0,428.7662904120388,2605.237929754127,9.255137802182931
915.0,79380156.0,461.50173113836735,2605.237929754127,9.255137802182931
916.0,79478864.0,486.64052646913956,2605.237929754127,9.255137802182931
917.0,79569916.0,444.32020040193487,2605.237929754127,9.255137802182931
918.0,79656908.0,412.8951690567594,2605.237929754127,9.255137802182931
919.0,79747300.0,448.89353252234037,2605.237929754127,9.255137802182931
920.0,79825022.0,386.96882026468455,2605.237929754127,9.255137802182931
921.0,79923028.0,495.3620970846012,2605.237929754127,9.255137802182931
922.0,80011734.0,429.6596009219913,2605.237929754127,9.255137802182931
923.0,80092761.0,420.2228572155668,2605.237929754127,9.255137802182931
924.0,80186343.0,450.29314708895714,2605.237929754127,9.255137802182931
925.0,80279402.0,450.62942853379974,2605.237929754127,9.255137802182931
926.0,80372099.0,450.31949222746874,2605.237929754127,9.255137802182931
927.0,80466682.0,448.61776362816715,2605.237929754127,9.255137802182931
928.0,80561747.0,449.338998288257,2605.237929754127,9.255137802182931
929.0,80650350.0,437.55492500232896,2605.237929754127,9.255137802182931
930.0,80742186.0,424.90173848031105,2605.237929754127,9.255137802182931
931.0,80835169.0,427.35920920586125,2605.237929754127,9.255137802182931
932.0,80926357.0,448.6091543179677,2605.237929754127,9.255137802182931
933.0,81018726.0,466.2152746231191,2605.237929754127,9.255137802182931
934.0,81116458.0,475.6812774690576,2605.237929754127,9.255137802182931
935.0,81222735.0,508.8590874405169,2605.237929754127,9.255137802182931
936.0,81316292.0,446.0614570766772,2605.237929754127,9.255137802182931
937.0,81416955.0,507.94830078067616,2605.237929754127,9.255137802182931
938.0,81511189.0,468.3997780861105,2605.237929754127,9.255137802182931
939.0,81608105.0,467.066703908704,2605.237929754127,9.255137802182931
940.0,81688789.0,408.8769588985979,2605.237929754127,9.255137802182931
941.0,81784471.0,443.5682135169313,2605.237929754127,9.255137802182931
942.0,81866795.0,429.6218539121031,2605.237929754127,9.255137802182931
943.0,81976577.0,544.3970520411543,2605.237929754127,9.255137802182931
944.0,82071343.0,449.53140220107855,2605.237929754127,9.255137802182931
945.0,82162653.0,470.1896528963991,2605.237929754127,9.255137802182931
946.0,82245222.0,413.20441075260567,2605.237929754127,9.255137802182931
947.0,82331385.0,432.13886369547936,2605.237929754127,9.255137802182931
948.0,82421143.0,426.9918422897239,2605.237929754127,9.255137802182931
949.0,82512079.0,461.7574796208324,2605.237929754127,9.255137802182931
950.0,82596078.0,414.1411513864156,2605.237929754127,9.255137802182931
951.0,82686676.0,445.09364974838223,2605.237929754127,9.255137802182931
952.0,82789655.0,475.8441329468346,2605.237929754127,9.255137802182931
953.0,82885456.0,470.07756477125747,2605.237929754127,9.255137802182931
954.0,82978230.0,461.9953092122194,2605.237929754127,9.255137802182931
955.0,83076646.0,475.0206680343856,2605.237929754127,9.255137802182931
956.0,83175739.0,501.8256116195589,2605.237929754127,9.255137802182931
957.0,83270919.0,479.3997769725421,2605.237929754127,9.255137802182931
958.0,83354241.0,421.7888947973245,2605.237929754127,9.255137802182931
959.0,83433328.0,396.2656601487772,2605.237929754127,9.255137802182931
960.0,83516743.0,392.6732534551837,2605.237929754127,9.255137802182931
961.0,83602800.0,445.13690010625544,2605.237929754127,9.255137802182931
962.0,83709836.0,510.0883884931207,2605.237929754127,9.255137802182931
963.0,83814074.0,509.05361679916007,2605.237929754127,9.255137802182931
964.0,83904304.0,421.6087011111897,2605.237929754127,9.255137802182931
965.0,83991545.0,440.64477624457163,2605.237929754127,9.255137802182931
966.0,84078512.0,437.92929031583583,2605.237929754127,9.255137802182931
967.0,84176580.0,477.4715911141032,2605.237929754127,9.255137802182931
968.0,84270572.0,482.6184641079946,2605.237929754127,9.255137802182931
969.0,84368290.0,458.18719100120967,2605.237929754127,9.255137802182931
970.0,84444452.0,397.45941542910157,2605.237929754127,9.255137802182931
971.0,84538524.0,459.30709159226996,2605.237929754127,9.255137802182931
972.0,84634421.0,479.6635921405232,2605.237929754127,9.255137802182931
973.0,84734535.0,482.2213849627634,2605.237929754127,9.255137802182931
974.0,84830893.0,471.1401874796135,2605.237929754127,9.255137802182931
975.0,84923293.0,451.63442535525735,2605.237929754127,9.255137802182931
976.0,85011771.0,464.1759326812779,2605.237929754127,9.255137802182931
977.0,85094138.0,424.9132644524776,2605.237929754127,9.255137802182931
978.0,85182220.0,440.6144538742602,2605.237929754127,9.255137802182931
979.0,85265885.0,434.9341032640752,2605.237929754127,9.255137802182931
980.0,85359262.0,477.4712297941603,2605.237929754127,9.255137802182931
981.0,85453450.0,442.63761570402414,2605.237929754127,9.255137802182931
982.0,85541829.0,436.1975745303376,2605.237929754127,9.255137802182931
983.0,85633916.0,454.22955701070583,2605.237929754127,9.255137802182931
984.0,85716640.0,426.19827205376964,2605.237929754127,9.255137802182931
985.0,85802280.0,477.6846111661078,2605.237929754127,9.255137802182931
986.0,85893106.0,463.39336125084316,2605.237929754127,9.255137802182931
987.0,85991438.0,488.3419680570028,2605.237929754127,9.255137802182931
988.0,86091854.0,459.54635949797046,2605.237929754127,9.255137802182931
989.0,86189322.0,478.4456025130155,2605.237929754127,9.255137802182931
990.0,86294306.0,501.1764340482433,2605.237929754127,9.255137802182931
991.0,86363621.0,375.2246346332063,2605.237929754127,9.255137802182931
992.0,86457038.0,461.1792294014813,2605.237929754127,9.255137802182931
993.0,86549010.0,458.907923866039,2605.237929754127,9.255137802182931
994.0,86647413.0,496.6600698460998,2605.237929754127,9.255137802182931
995.0,86746443.0,496.32905237593354,2605.237929754127,9.255137802182931
996.0,86837150.0,456.8379201726841,2605.237929754127,9.255137802182931
997.0,86918863.0,413.25736595851004,2605.237929754127,9.255137802182931
998.0,87012638.0,447.41151467036167,2605.237929754127,9.255137802182931
999.0,87105300.0,464.420351087125,2605.237929754127,9.255137802182931
